ticket_id,description,category,priority
1,By Monday: The interface is degraded. I was trying to submit but it just stops working. Hope you're having a good day.,Technical,High
2,The view logs level is insufficient for my contact email. It keeps glitches. Sorry for the trouble. Sent from my iPhone. Best regards.,Account,Critical
3,Maybe later: Why is there a discrepancy in the summary? It says ref 99 but the amount is different. It's a critical blocker. Sent from my iPhone. Thanks for the help.,Billing,Low
4,Getting a handshake failure in the main view. This happened after the weekend. Need this fixed soon. Thanks for the help. Sent from my iPhone.,Technical,High
5,The module is not loading properly. I was trying to access the feature but it just returns an error. Best regards.,Technical,Low
6,Question: The change settings level is insufficient for my contact email. It keeps glitches. Hope you're having a good day. Hope you're having a good day. Sorry for the trouble.,Account,Medium
7,FYI: How do I set up the message systm? I am not seeing any updates. Urgent attention needed. Sent from my iPhone. Best regards.,Account,Low
8,I am having trouble with password redentials when I try to update profile. Hope you're having a good day.,Account,Medium
9,Follow up: How do I modify the alert system? I am not seeing any updates. Need this fixed soon.,Account,Medium
10,I am having trouble with login when I try to view logs. Thanks for the help. Sent from my iPhone. Sorry for the trouble.,Account,Critical
11,Needs checking: The auth settings are not loading properly. I need to set up my security settings. Production is impacted. Best regards. Sent from my iPhone.,Account,High
12,Suggestion: The MFA settings are degraded. I need to set up my contact email. Production is impacted.,Account,Low
13,"My profile data is showing as inactive. Also, the settings area feels acting strange. Hope you're having a good day.",Account,Medium
14,NOW: The gateway is not responding correctly. I was trying to proceed but it just glitches. Best regards.,Technical,Critical
15,Why is there a discrepancy in the statement? It says order #55 but the amount is different. Need this ixed soon. Best regards. Sorry for the trouble.,Billing,Critical
16,The view logs level is insufficient for my security settings. It keeps stops working. Sorry for the trouble.,Account,Critical
17,NOW: The system is not responding correctly. I was trying to sync but it just stops working. Sent from my iPhone. Hope you're having a good day. Sorry for the trouble.,Technical,Critical
18,Needs checking: How do I modify the message system? I am not seeing any updates. Urgent attention needed.,Account,High
19,By Monday: How do I set up the email system? I am not seeing any updates. Production is impacted.,Account,High
20,My transfer was flagged last night. I also have a question about security settings. Sorry for the rouble. Hope you're having a good day. Thanks for the help.,Billing,Low
21,FYI: The gateway is not responding correctly. I was trying to access the feature but it just glitches. Sorry for the trouble. Thanks for the help. Best regards.,Technical,Low
22,"I noticed the navigation layer is degraded on desktop. Also, and check my refund. Best regards. Best regards. Hope you're having a good day.",Technical,Low
23,Urgent: There is a glitches when I access the feature. This is preventing progress. Sent from my mobile device.,Technical,High
24,Why is there a discrepancy in the summary? It says ref 99 but the amount is different. Production is impacted.,Billing,Medium
25,My account was denied last night. I also have a question about security settings. Sorry for the trouble.,Billing,Medium
26,Query: The dashboard is showing inconsistencies. I was trying to sync but it just stops working. Thanks for the help. Sent from my iPhone. Sorry for the trouble.,Technical,Medium
27,I was expecting a confirmation but I received a notification about flagged. Production is impacted.,Billing,Medium
28,Routine: I am having trouble with keys when I try to view logs. Hope you're having a good day.,Account,Medium
29,Routine: Why is there a discrepancy in the statement? It says TXN-101 but the amount is diferent. This is blocking my work.,Billing,Medium
30,BLOCKER: The interface is showing inconsistencies. I was trying to proceed but it just glitches. Thanks for the help.,Technical,Critical
31,The MFA settings are degraded. I need to modify my security settings. Production is impacted.,Account,Low
32,BLOCKER: My transfer was stuck last night. I also have a question about login information. Thanks for the help.,Billing,Critical
33,The statement from the weekend seems not what I agreed to. I checked the details and it looks okay. Hope you're having a good day.,Billing,Low
34,ASAP: How do I reset the email system? I am not seeing any updates. This is blocking my work. Best regards. Sorry for the trouble.,Account,High
35,I was expecting a confirmation but I received a notification abuot denied. Urgent attention needed.,Billing,Critical
36,I was expecting a PDF file but I received a notification about flagged. Production is impacted. Sent from my iPhone. Hope you're having a good day.,Billing,Low
37,How do I reset the message system? I am not seeing any updates. This is blocking my work.,Account,High
38,Minor: The MFA settings are showing inconsistencies. I need to review my profile data. Urgent attention needed. Hope you're having a good day. Thanks for the help.,Account,Low
39,Update: There is a stops working when I sync. This is a major issue. Sent from my Android.,Technical,Medium
40,ASAP: The update profile level is insufficient for my login information. It keeps glitches. Best regards.,Account,High
41,No hurry: The sign in level is insufficient for my contact email. It keeps glitches. Sent from my iPhone.,Account,Low
42,There is a stops working when I proceed. This is preventing progress. Sent from my iOS.,Technical,Critical
43,HELP FAST: There is a glitches when I upload data. This is a major issue. Sent from my client app.,Technical,Critical
44,HELP FAST: The module is acting strange. I was trying to submit but it just stops working. Best regards.,Technical,Critical
45,HELP FAST: The plan process did not behave as expected and not what I agreed to. Sent from my iPhone.,Billing,Critical
46,Needs checking: Getting a unexpected response in the side section. This happened after my last login. Need this fixed soon.,Technical,High
47,The add-on process did not behave as expected and unusually high. Hope you're having a good day.,Billing,High
48,Follow up: My card was not going through last night. I also have a question about profile data. Sorry for the trouble. Thanks for the help. Hope you're having a good day.,Billing,Medium
49,I am having trouble with password credentials when I try to update prfile. Sorry for the trouble.,Account,Low
50,"Question: My login information is showing as inactive. Also, the settings area feels degraded. Best regards. Sent from my iPhone. Sorry for the trouble.",Account,Medium
51,NOW: My account was denied last night. I also have a question about security settings. Sorry for the trouble.,Billing,Critical
52,I was expecting a PDF file but I received a notification about not going through. Production is impacted. Thanks for the help. Sent from my iPhone.,Billing,Medium
53,Why is there a discrepancy in the invoice? It says INV-202 but the amount is different. It's a critical blocker. Best regards. Sorry for the trouble.,Billing,Low
54,CRITICAL: The add-on process did not behave as expected and not what I agreed to. Sent from my iPhone.,Billing,Critical
55,Question: There is a returns an error when I submit. This is frustrating. Sent from my Android.,Technical,Medium
56,"CRITICAL: I noticed the profile panel is behaving unexpectedly on client app. Also, and check my refund. Sorry for the trouble.",Technical,Critical
57,HELP FAST: How do I modify the message system? I am not seeing any updates. This is blocking my work.,Account,Critical
58,The module is acting strange. I was trying to submit but it just fails to complete. Sent from my iPhone.,Technical,High
59,Maybe later: The system is not loading properly. I was trying to save changes but it just returns an error. Thanks for the help.,Technical,Low
60,FYI: My PayPal was flagged last night. I also have a question about profile data. Sorry for the trouble.,Billing,Low
61,I was expecting a receipt but I received a notification about not going through. This is blocking my wrok.,Billing,Medium
62,"Suggestion: I noticed the settings area is showing inconsistencies on mobile device. Also, but I have a billing question. Sorry for the trouble.",Technical,Low
63,By Monday: The update profile level is insufficient for my security settings. It keeps returns an error. Hope yu're having a good day.,Account,High
64,"Minor: My contact email is under review. Also, the profile panel feels degraded. Best regards.",Account,Low
65,Update: My card was flagged last night. I also have a question about profile data. Sent from my iPhone.,Billing,Medium
66,IMMEDIATELY: I am having trouble with keys when I try to view logs. Thanks for the help.,Account,Critical
67,Miinor: The auth settings are acting strange. I need to check my contact email. Urgent attention needed.,Account,Low
68,Update: How do I check the email system? I am not seeing any updates. This is blocking my work.,Account,Medium
69,HELP FAST: I am having trouble with login when I try to view logs. Thanks for the help. Best regards. Sent from my iPhone.,Account,Critical
70,The file is not appeaing as expected in the portal. Can you check the mobile device logs? Urgent attention needed.,Technical,Critical
71,Getting a generic error in the profile panel. This happened after the weekend. This is blocking my work.,Technical,Medium
72,"Important: I noticed the main view is acting strange on mobile device. Also, and the invice is wrong. Sent from my iPhone.",Technical,High
73,FYI: The summary from this morning seems higher than expected. I checked the address and it looks okay. Sent from my iPhone.,Billing,Low
74,Update: I was expecting a PDF file but I received a notification about denied. Urgent attention needed.,Billing,Medium
75,HELP FAST: The verification settings are not loading properly. I need to review my contact email. Need this fixed soon.,Account,Critical
76,Query: Getting a handshake failure in the main view. This happened after the last update. This is blocking my work. Thanks for the help. Best regards.,Technical,Medium
77,The entry is not appearing as expected in the interface. Can you check the web browser logs? It's a critical blocker.,Technical,Low
78,Question: The portal is acting strange. I was trying to save changes but it just fails to complete. Sent from my iPhone.,Technical,Medium
79,Why is there a discrepancy in the latest charge? It says TXN-101 but the amount is different. Production is impacted. Sorry for the trouble. Sent from my iPhone.,Billing,Critical
80,"Follow up: I noticed the profile panel is behaving unexpectedly on Android. Also, and the invoice is wrong. Sorry for the trouble.",Technical,Medium
81,ASAP: I am having trouble with password credentials when I try to sign in. Sent from my iPhone. Best regards. Sent from my iPhone.,Account,High
82,My account was not going through last night. I also have a question about profile data. Hope you're having a good day.,Billing,Critical
83,Suggestion: There is a hangs when I upload data. This is very annoying. Sent from my web browser.,Technical,Low
84,Suggestion: The interface is showing inconsistencies. I was trying to save changes but it just hangs. Thanks for the help. Thanks for the help. Best regards.,Technical,Low
85,Important: Why is there a discrepancy in the summary?? It says INV-202 but the amount is different. Urgent attention needed.,Billing,High
86,Maybe later: The data entry is not appearing as expected in the gateway. Can you check the mobile device logs? Production is impacted. Best regards. Sent from my iPhone.,Technical,Low
87,NOW: There is a fails to complete when I sync. This is a major issue. Sent from my desktop.,Technical,Critical
88,"By Monday: I noticed the side section is degraded on iOS. Also, and check my refund. Best regards.",Technical,High
89,"Suggestion: My security settings is not accessible. Also, the main view feels behaving unexpectedly. Sent from my iPhone.",Account,Low
90,Suggestion: Getting a unexpected response in the settings area. This happened after the last update. This is blocking my work.,Technical,Low
91,I was expecting a email notification but I received a notification about not going through. Urgent attention needed.,Billing,Medium
92,The dashboard is behaving unexpectedly. I was trying to submit but it just glitches. Hope you're having a good day. Best regards. Hope you're having a good day.,Technical,Critical
93,There is a glitches when I save changes. This is preventing progress. Sent from my iOS. Sorrry for the trouble. Sent from my iPhone.,Technical,Medium
94,Maybe later: The sign in level is insufficient for my security settings. It keeps glitches. Thanks for the help.,Account,Low
95,ASAP: How do I modify the email system? I am not seeing any updates. Urgent attention needed.,Account,High
96,IMMEDIATELY: My transfer was flagged last night. I also have a question about contact email. Sorry for the trouble.,Billing,Critical
97,The change settings level is insufficient for my login information. It keps returns an error. Thanks for the help.,Account,Medium
98,There is a returns an error when I access the feature. This is a major issue. Sent from my client app. Sorry for the trouble. Hope you're having a good day.,Technical,High
99,Needs checking: My card was flagged last night. I also have a question about contact email. Best regards.,Billing,High
100,Minor: The file is not appearing as expected in the module. Can you check the mobile device logs? Urgent attention needed.,Technical,Low
101,No hurry: The summary from yesterday seems showing tiwce. I checked the card info and it looks okay. Sorry for the trouble.,Billing,Low
102,Maybe later: My account was not going through last night. I also have a question about contact email. Thanks for the help.,Billing,Low
103,BLOCKER: My transfer was flagged last night. I also have a question about profile data. Best regards.,Billing,Critical
104,Important: The verification settings are showing inconsistencies. I need to set up my contact email. Need this fixed soon.,Account,High
105,No hurry: The plan process did not behave as expected and showing twice. Best regards.,Billing,Low
106,By Monday: Why is there a discrepancy in the latest charge? It says ref 99 but the amount is different. Production is impacted. Sorry for the trouble. Best regards.,Billing,High
107,The system is not loading properly. I was trying to proceed but it just hangs. Sent from my iPhone.,Technical,Low
108,ASAP: Why is there a discrepancy in the latest charge? It says TXN-101 but the amount is different. It's a critical blocker.,Billing,High
109,I am having trouble with keys when I try to view logs. Hope you're having a good day. Hope you're having a good day. Sorry for the trouble.,Account,Critical
110,"My profile data is showing as inactive. Also, the navigation layer feels not responding correctly. Best regards. Sent from my iPhone. Sorry for the trouble.",Account,Medium
111,Important: I was expecting a receipt but I received a notification about stuck. Urgent attention needed.,Billing,High
112,"Minor: I noticed the navigation layer is not loading properyl on client app. Also, and the invoice is wrong. Thanks for the help.",Technical,Low
113,Routine: The sign in level is insufficient for my contact email. It keeps fails to complete. Thanks for the help.,Account,Medium
114,By Monday: I was expecting a confirmation but I received a notification about stuck. It's a critical blocker.,Billing,High
115,No hurry: My card was stuck last night. I also have a question about login information. Sorry for the trouble.,Billing,Low
116,"My login information is locked. Also, the settings area feels not loading properly. Thanks for the help.",Account,Medium
117,ASAP: The verification settings are degraded. I need to set up my profile data. Urgent attention needed.,Account,High
118,The item is not appearing as expected in the module. Can you check the web browser logs? Need this fixed soon. Thanks for the help. Sorry for the trouble.,Technical,High
119,By Monday: I am having trouble with keys when I try to update profile. Hope you're having a good day.,Account,High
120,Urgent: I was expecting a PDF file but I received a notification about stuuck. Need this fixed soon.,Billing,High
121,The SAML settings are degraded. I need to set up my security settings. Production is impacted. Sorry for the trouble. Sent from my iPhone.,Account,Low
122,I was expecting a PDF file but I received a notification about denied. Need this fixed soon.,Billing,Low
123,IMMEDIATELY: There is a glitches when I access the feature. This is very annoying. Sent from my client app.,Technical,Critical
124,Query: The item is not appearing as expected in the portal. Can you check the desktop logs? It's a critical blocker.,Technical,Medium
125,My card was not goiing through last night. I also have a question about login information. Best regards. Sorry for the trouble. Sent from my iPhone.,Billing,High
126,HELP FAST: There is a returns an error when I submit. This is frustrating. Sent from my iOS.,Technical,Critical
127,Folllow up: The item is not appearing as expected in the system. Can you check the web browser logs? Urgent attention needed.,Technical,Medium
128,Important: The plan process did not behave as expected and higher than expected. Hope you're having a good day. Thanks for the help. Hope you're having a good day.,Billing,High
129,I am having trouble with keys when I try to change settings. Sent from my iPhone.,Account,Medium
130,Suggestion: How do I modify the alert system? I am not seeing any updates. Production is impacted.,Account,Low
131,Urgent: The portal is not responding correctly. I was trying to proceed but it just glitches. Thanks for the help.,Technical,High
132,FYI: There is a fails to complete when I upload data. This is a major issue. Sent from my desktop. Hope you're having a good day. Sent from my iPhone.,Technical,Low
133,The dashboard is degraded. I was trying to sync but it just returns an error. Sorry for the trouble.,Technical,Medium
134,Getting a status code 500 in the side section. This happened after yesterday. Production is impacted. Sent from my iPhone. Best regards.,Technical,Critical
135,My account was not going through last night. I also have a question abut security settings. Sorry for the trouble.,Billing,Low
136,Routine: I am having trouble with login when I try to update profile. Sorry for the trouble.,Account,Medium
137,"Important: My contact email is showing as inactive. Also, the profile panel feels not loading properly. Sorry for the trouble.",Account,High
138,FYI: The MFA settings are acting strange. I need to modify my profile data. Need this fixed soon. Sent from my iPhone. Hope you're having a good day.,Account,Low
139,There is a stops working when I proceed. This is preventing progress. Sent from my web browser.,Technical,Critical
140,Routine: The plan process did not behave as expected and unusually high. Best regards.,Billing,Medium
141,HELP FAST: Why is there a discrepancy in the summary? It says order #55 but the amount is different. Production is impacted.,Billing,Critical
142,"My contact email is under review. Als,o the navigation layer feels behaving unexpectedly. Best regards.",Account,High
143,IMMEDIATELY: How do I reset the SMS system? I am not seeing any updates. This is blocking my work.,Account,Critical
144,IMMEDIATELY: How do I check the alert system? I am not seeing any updates. Production is impacted. Hope you're having a good day. Sent from my iPhone.,Account,Critical
145,NOW: Why is there a discrepancy in the summary? It says ref 99 but the amount is different. Urgent attention needed.,Billing,Critical
146,ASAP: Why is there a discrepancy in the latest charge? It says INV-202 but the amount is different. Production is impacted. Best regards. Hope you're having a good day.,Billing,High
147,"HELP FAST: My contact email is under review. Also, the settings area feels degraded. Sorry for the trouble.",Account,Critical
148,Why is there a discrepancy in the summary? It says TXN-101 but the amount is different. Production is impacted.,Billing,Medium
149,Urgent: Getting a handshake failure in the profile panel. This happened after the last update. This is blocking my work.,Technical,High
150,IMMEDIATELY: The view logs level is insufficient for my login information. It keeps returns an error. Sorry for the trouble.,Account,Critical
151,The view logs level is insufficient for my contact email. It keeps hangs. Thanks for the help.,Account,High
152,"IMMEDIATELY: My profile data is showing as inactive. lso, the profile panel feels degraded. Sent from my iPhone. Best regards. Hope you're having a good day.",Account,Critical
153,URGENT: Getting a status code 500 in the profile panel. This happened after the weekend. It's a critical blocker. Sent from my iPhone. Sorry for the trouble.,Technical,Critical
154,By Monday: How do I modify the SMS system? I am not seeing any updates. It's a critical blocker.,Account,High
155,Important: Why is there a discrepancy in the statement? It says order #55 but the amount is different. It's a critical blocker.,Billing,High
156,Urgent: The system is degraded. I was trying to sync but it just hangs. Sent from my iPhone.,Technical,High
157,The auth settings are showing inconsistencies. I need to review my login information. Urgent attention needed.,Account,Medium
158,I am having trouble with keys when I try to update profile. Hope you're having a good day.,Account,Low
159,The feature process did not behave as expected and incorrect. Hope you're having a good day.,Billing,Medium
160,"My contact email is under review. Also, the main view feels not responding correctly. Thanks for the help. Sent from my iPhone. Hope you're having a good day.",Account,Critical
161,Important: My transfer was not going through last night. I also have a question about profile data. Best regards. Sorry for the trouble. Hope you're having a good day.,Billing,High
162,"Maybe later: I noticed the settings area is acting strange on desktop. Also, and the invoice is wrong. Sent from my iPhone.",Technical,Low
163,Urgent: The verification settings are not responding correctly. I need to check my security settings. This is blocking my work. Hope you're having a good day. Best regards.,Account,High
164,I was expecting a confirmation but I received a notification about stuck. Production is impacted.,Billing,High
165,Query: There is a hangs when I submit. This is preventing progress. Sent from my desktop. Sent from my iPhone. Hope you're having a good day.,Technical,Medium
166,Urgent: My account was flagged last night. I also have a question about login information. Best regards. Sent from my iPhone. Thanks for the help.,Billing,High
167,Follow up: There is a returns an error when I sync. This is very annoying. Sent from my Android.,Technical,Medium
168,IMMEDIATELY: The invoice from my last login seems incorrect. I checked the profile and it looks okay. Best regards.,Billing,Critical
169,The verification settings are behaving unexpectedly. I need to modify my security settings. It's a critical blocker.,Account,Low
170,Maybe later: The SAML settings are behaving unexpectedly. I need to reset my profile data. Urgent attention needed. Hope you're having a good day. Best regards.,Account,Low
171,Follow up: The interface is not loading properly. I was trying to access the feature but it just returns an error. Best regards.,Technical,Medium
172,The update profile level is insufficient for my security settings. It keeps returns an error. Sorry for the trouble.,Account,Medium
173,Question: How do I set up the email system? I am not seeing any updates. It's a critical blocker.,Account,Medium
174,Query: The verification settings are showing inconsistencies. I need to modify my contact email. This is blocking my work. Sorry for the trouble. Thanks for the help.,Account,Medium
175,The feature process did not behave as expected and not what I agreed to. Thanks for the help.,Billing,Low
176,By Monday: I was expecting a receipt but I received a notification about flagged. It's a critical blocker. Thanks for the help. Hope you're having a good day.,Billing,High
177,Update: The change settings level is insufficient for my contact eemail. It keeps glitches. Sorry for the trouble.,Account,Medium
178,BLOCKER: The verification settings are showing inconsistencies. I need to review my login information. This is blocking my work.,Account,Critical
179,No hurry: I was expecting a PDF file but I received a notification about not going through. Production is impacted. Best regards. Thanks for the help.,Billing,Low
180,ASAP: The sign in level is insufficient for my contact email. It keeps hangs. Sorry for the trouble.,Account,High
181,Why is there a discrepancy in the invoice? It says order #55 but the amount is different. This is blocking my work. Hope you're having a good day. Sent from my iPhone.,Billing,Critical
182,I am having trouble with authentication info when I try to view logs. Hope you're having a good day. Hope you're having a good day. Sent from my iPhone.,Account,Low
183,Urgent: I am having trouble with login when I try to sign in. Hope you're having a good day. Hope you're having a good day. Sorry for the trouble.,Account,High
184,The add-on process did not behave as expected and incorrect. Hope you're having a good day.,Billing,Critical
185,Update: The view logs level is insufficient for my profile data. It keeps hangs. Sent from my iPhone.,Account,Medium
186,Query: The sign in level is insufficient for my contact email. It keeps returns an error. Sorry for the trouble.,Account,Medium
187,NOW: The invoice from yesterday seems not what I agreed to. I checked the card info and it looks okay. Sent from my iPhone. Hope you're having a good day. Sent from my iPhone.,Billing,Critical
188,My card was not going through last night. I also have a question about security settings. Thanks for the help.,Billing,Medium
189,I am having trouble with authentication info when I try to view logs. Best regards.,Account,Low
190,Needs checking: My transfer was stuck last night. I also have a question about login information. Hope you're having a good day.,Billing,High
191,The entry is not appearing as expected in the system. Can you check the web browser logs? Urgent attention needed. Sent from my iPhone. Sorry for the trouble.,Technical,Medium
192,"IMMEDIATELY: My security settings is showing as inactive. Also, the main view feels not loading properly. Sorry for the trouble. Thanks for the help. Sorry for the trouble.",Account,Critical
193,The update profile level is insufficient for my login information. It keeps stops working. Sent from my iPhone. Hope you're having a good day. Sorry for the trouble.,Account,High
194,Question: I was expecting a email notification but I received a notification about stuck. This is blocking my work. Sorry for the trouble. Hope you're having a good day.,Billing,Medium
195,Urgent: How do I set up the message system? I am not seeing any updates. This is blocking my work. Sorry for the trouble. Thanks for the help.,Account,High
196,IMMEDIATELY: Getting a status code 500 in the side section. This happened after this morning. This is blocking my work.,Technical,Critical
197,The SAML settings are acting strange. I need to mmodify my profile data. Urgent attention needed.,Account,Low
198,Minor: I am having trouble with authentication info when I try to view logs. Thanks for the help. Sent from my iPhone. Hope you're having a good day.,Account,Low
199,I am having trouble with authentication info when I try to update profile. Best regards. Sorry for the trouble. Thanks for the help.,Account,Critical
200,My PayPal was stuck last night. I also have a question about security settings. Thanks for the help.,Billing,Medium
201,There is a glitches when I upload data. This is preventing progress. Sent from my desktop.,Technical,Critical
202,URGENT: The token is not appearing as expected in the gateway. Can you check the client app logs? It's a critical blocker.,Technical,Critical
203,The statement from the last update seems showing twice. I checked the card info and it looks okay. Sent from my iPhone.,Billing,High
204,"I noticed the main view is not responding correctly on mobile device. Also, and the invoice is wrong. Sent from my iPhone.",Technical,High
205,By Monday: Why is there a discrepancy in the invoice? It says INV-202 but the aamount is different. Production is impacted. Sorry for the trouble. Hope you're having a good day.,Billing,High
206,"Follow up: I noticed the settings area is not responding correctly on iOS. Also, and the invoice is wrong. Thanks for the help.",Technical,Medium
207,"Minor: I noticed the side section is not responding correctly on iOS. Also, also my last payment failed. Best regards.",Technical,Low
208,Needs checking: There is a fails to complete when I submit. This is preventing progress. Sent from my web browser. Sent from my iPhone. Hope you're having a good day.,Technical,High
209,Getting a timeout in the profile panel. This happened after the last update. Need this fixed soon.,Technical,High
210,"By Monday: My login information is not accessible. Also, the settings area feels acting strange. Best regards.",Account,High
211,IMMEDIATELY: How do I set up the email system? I am not seeing any updates. Need this fixed soon.,Account,Critical
212,"I noticed the settings area is behaving unexpectedly on web browser. Also, and check my refund. Hope you're having a good day.",Technical,Critical
213,Suggestion: There is a fails to complete when I access the feature. This is very annoying. Sent from my mobile device.,Technical,Low
214,Why is there a discrepancy in the invoice? It says ref 99 but the amount is different. It's a critical blocker.,Billing,Low
215,BLOCKER: Why is there a discrepancy in the summary? It says INV-202 but the amount is different. It's a critical blocker.,Billing,Critical
216,"Suggestion: My security settings is not accessible. Also, the settings area feels not loading properly. Best regards.",Account,Low
217,The sign in leevl is insufficient for my contact email. It keeps stops working. Thanks for the help.,Account,Critical
218,The dashboard is degraded. I was trying to submit but it just glitches. Sorry for the trouble.,Technical,Low
219,Maybe later: The system is not responding correctly. I was trying to sync but it just glitches. Hope you're having a good day.,Technical,Low
220,"Follow up: I noticed the settings area is not responding correctly on iOS. Also, also my last payment failed. Sorry for the trouble. Thanks for the help. Hope you're having a good day.",Technical,Medium
221,By Monday: My transfer was denied last night. I also have a question about security settings. Sent from my iPhone. Thanks for the help. Best regards.,Billing,High
222,The plan process did not behave as expected and incorrect. Best regards.,Billing,Critical
223,There is a returns an error when I proceed. This is frustrating. Sent from my client app.,Technical,Low
224,Suggestion: The view logs level is insufficient for my security settings. It keeps returns an error. Sent from my iPhone.,Account,Low
225,Routine: Why is there a discrepancy in the statement? It says order #55 but the amount is different. It's a criticcal blocker. Hope you're having a good day. Sent from my iPhone.,Billing,Medium
226,No hurry: Getting a generic error in the side section. This happened after the last update. It's a critical blocker.,Technical,Low
227,"URGENT: My login information is under review. Also, the profile panel feels behaving unexpectedly. Thanks for the help.",Account,Critical
228,"Update: My lgoin information is not accessible. Also, the profile panel feels showing inconsistencies. Thanks for the help.",Account,Medium
229,The update profile level is insufficient for my profile data. It keeps glitches. Thankss for the help. Hope you're having a good day. Sent from my iPhone.,Account,High
230,Why is there a discrepancy in the latest charge? It says INV-202 but the amount is different. Need this fixed soon.,Billing,Medium
231,"I noticed the side section is showing inconsistencies on iOS. Also, but I have a billing question. Sorry for the trouble. Sent from my iPhone. Hope you're having a good day.",Technical,High
232,I am having trouble with authentication info when I try to update profile. Hope you're having a good day.,Account,Low
233,How do I set up the message system? I am not seeing any updates. Need this fixed soon.,Account,Medium
234,The portal is showing inconsistencies. I was trying to upload data but it just returns an error. Sorry for the trouble. Thanks for the help. Sent from my iPhone.,Technical,High
235,Maybe later: The latest charge from my last login seems not what I agreed to. I checked the card info and it looks okay. Hope you're having a good day.,Billing,Low
236,The verification settings are behaving unexpectedly. I need to review my contact email. It's a critical blocker.,Account,High
237,The plan process did not behave as expected and not what I agreed to. Soryr for the trouble. Sorry for the trouble. Best regards.,Billing,Medium
238,Why is there a discrepancy in the summary? It says ref 99 but the amount is different. Need this fixed soon.,Billing,Medium
239,Question: My PayPal was denied last night. I also have a question about profile data. Thanks for the help. Best regards. Thanks for the help.,Billing,Medium
240,Maybe later: Getting a generic error in the settings area. This happened after the weekend. This is blocking my work.,Technical,Low
241,Getting a unexpected response in the main view. This happened after my last login. This is blocking my work.,Technical,Medium
242,"NOW: I noticed the settings area is not responding correctly on desktop. Also, also my last payment failed. Hope you're having a good day.",Technical,Critical
243,The auth settings are degraded. I need to reset my profile data. This is blocking my work. Hope you're having a good day. Sent from my iPhone.,Account,Low
244,Getting a generic error in the main view. This happened after my last login. Need this fixed soon.,Technical,High
245,"By Monday: My login information is locked. Also, the main view feels not loading properly. Thanks for the help.",Account,High
246,Suggestion: There is a glitches when I submit. This is frustrating. Sent from my web browser. Hope you're having a good day. Best regards.,Technical,Low
247,Suggestion: How do I check the alert system? I am not seeing any updates. Production is impacted. Sorry for the trouble. Thanks for the help.,Account,Low
248,Update: The file is not appearing as expected in the portal. Can you check the web browser logs? Production is impacted.,Technical,Medium
249,Needs checking: My card was flagged last night. I also have a question about contact email. Sorry for the trouble. Best regards. Hope you're having a good day.,Billing,High
250,The invoice from this morning seems showing twice. I checked the card info and it looks okay. Sorry for the trouble.,Billing,Medium
251,URGENT: The view logs level is insufficient for my security settings. It keeps returns an error. Sorry for the trouble.,Account,Critical
252,The update profile leevl is insufficient for my login information. It keeps hangs. Sorry for the trouble. Best regards. Sent from my iPhone.,Account,Low
253,"No hurry: I noticed the side section is behaving unexpectedly on Android. Also, but I have a billing question. Sent from my iPhone.",Technical,Low
254,Query: The dashboard is showing inconsistencies. I was trying to sync but it just returns an error. Sorry for the trouble. Best regards. Thanks for the help.,Technical,Medium
255,The subscription process did not behave as expected and higher than expected. Best regards.,Billing,Low
256,"I noticed the main view is not loading properly on client app. Also, and check my refund. Best regards. Hope you're having a good day. Thanks for the help.",Technical,Medium
257,No hurry: The auth settings are acting strange. I need to review my contact email. Production is impacted. Sent from my iPhone. Best regards.,Account,Low
258,"My login information is not accessible. Also, the settings area feels showing inconsistencies. Best regards. Sorry for the trouble. Sent from my iPhone.",Account,High
259,Why is there a discrepancy in the summary? It says INV-202 but the amount is different. It's a critical blocker.,Billing,Critical
260,URGENT: The statement from this morning seems showing twice. I checked the card info and it looks okay. Hope you're having a good day.,Billing,Critical
261,"Query: I noticed the settings area is showing inconsistencise on client app. Also, but I have a billing question. Hope you're having a good day. Best regards. Sorry for the trouble.",Technical,Medium
262,Needs checking: There is a hangs when I access the feature. This is a major issue. Sent from my Android.,Technical,High
263,ASAP: The sign in level is insufficient for my profile data. It keeps glitches. Sorry for the trouble.,Account,High
264,My transfer was flagged last night. I also have a questin about security settings. Thanks for the help. Hope you're having a good day. Sorry for the trouble.,Billing,High
265,Routine: My transfer was flagged last night. I also have a question about login information. Sent from my iPhone. Hope you're having a good day. Sorry for the trouble.,Billing,Medium
266,"I noticed the navigation layer is not loading properly on client app. Also, and the invoice is wrong. Thanks for the help.",Technical,High
267,Follow up: There is a returns an error when I proceed. This is frustrating. Sent from my mobile devie. Sorry for the trouble. Thanks for the help.,Technical,Medium
268,"ASAP: My security settings is under review. Also, the main view feels behaving unexpectedly. Hope you're having a good day.",Account,High
269,Maybe later: How do I review the SMS system? I am not seeing any updates. Need this fixed soon.,Account,Low
270,The add-on process did not behave as expected and higher than expected. Sorry for the trouble.,Billing,High
271,"I noticed the side section is acting strange on iOS. Also, but I have a billing question. Hope you're having a good day.",Technical,High
272,"I noticed the side section is degraded on web browser. Also, but I have a billing question. Sent from my iPhone.",Technical,Medium
273,The auth settings are not responding correctly. I need to reset my contact email. Urgent attention needed.,Account,High
274,The token is not appearing as expected in the interface. Can you check the Android logs? Need this fixed soon. Sorry for the trouble. Thanks for the help.,Technical,Low
275,Important: Getting a timeout in the profile panel. This happened after this morning. Production is impacted.,Technical,High
276,"Important: I noticed the settings area is degraded on client app. Also, and check my refund. Thanks for the help. Best regards. Sent from my iPhone.",Technical,High
277,The item is not appearing as expected in the gateway. Can you check the Android logs? Urgentt attention needed.,Technical,Critical
278,The summary from the weekend seems showing twice. I checked the card info and it looks okay. Hope you're having a good day.,Billing,Medium
279,How do I check the email system? I am not seeing any updates. Production is impacted.,Account,Low
280,How do I set up the email system? I am not seeing any updates. Urgent attention needed. Sorry for the trouble. Hope you're having a good day.,Account,Medium
281,There is a returns an error when I proceed. This is very annoying. Sent from my client app. Sent from my iPhone. Best regards.,Technical,Low
282,Follow up: I am having trouble with password credentials when I try to sign in. Best regards. Best regards. Hope you're having a good day.,Account,Medium
283,How do I set up the message system? I am not seeing any updates. This is blocking my work.,Account,Low
284,Why is there a discrepancy in the statement? It says order #55 but the amount is different. This is blocking my work.,Billing,Medium
285,"Minor: I noticed the navigation layer is degraded on client app. Also, and the invoice is wrong. Sent from my iPhone. Sent from my iPhone. Thanks for the help.",Technical,Low
286,The token is not appearing as expected in the module. Can you check the web browser logs? Production is impacted.,Technical,Medium
287,My transfer was flagged last night. I also have a question about profile data. Thanks for the help.,Billing,Critical
288,Getting a unexpected response in the navigation layer. This happened after the last update. Production is mipacted.,Technical,Critical
289,Question: Getting a status code 500 in the settings area. This happened after this morning. It's a critical blocker.,Technical,Medium
290,The token is not appearing as expected in the interface. Can you check the desktop logs? It's a critical blocker.,Technical,Low
291,Question: The plan process did not behave as exepcted and unusually high. Hope you're having a good day.,Billing,Medium
292,The statement from the weekend seems not what I agreed to. I checked the card info and it looks okay. Best regards.,Billing,Low
293,Routine: There is a glitches when I submit. This is a major issue. Sent from my mobile device.,Technical,Medium
294,HELP FAST: The summary from the last update seems not what I agreed to. I cheked the card info and it looks okay. Sent from my iPhone.,Billing,Critical
295,Suggestion: The plan process did not behave as expected and showing twice. Hope you're having a good day.,Billing,Low
296,The sign in level is insufficient for my security settings. It keeps stops working. Sorry for the trouble.,Account,Critical
297,Urgent: Getting a unexpected response in the side section. This happened after this morning. It's a critical blocker.,Technical,High
298,Question: Why is there a discrepancy in the summary? It says INV-202 but the amount is different. This is blocking my work.,Billing,Medium
299,HELP FAST: I was expecting a confirmation but I received a notification about denied. This is blocking my work. Thanks for the help. Sorry for the trouble.,Billing,Critical
300,Important: The MFA settings are degraded. I need to check my security settings. Production is impacted.,Account,High
301,The portal is not loading properly. I was trying to access the feature but it just returns an error. Thanks for the help.,Technical,Critical
302,FYI: The summary from this morning seems unusually high. I checked the card info and it looks okay. Sent from my iPhone.,Billing,Low
303,Getting a timeout in the settings area. This happened after this morning. Production is impcted.,Technical,High
304,Query: Getting a handshake failure in the settings area. This happened after my last login. Production is impacted. Best regards. Thanks for the help.,Technical,Medium
305,"BLOCKER: My profile data is under review. Also, the profile panel feels not responding correctly. Sorry for the trouble.",Account,Critical
306,The plan process did not behave as expected and not what I agreed to. Sent from my iPhone.,Billing,Critical
307,Important: Getting a internal error in the profile panel. This happened after the weekend. This is blocking my work. Sent from my iPhone. Sorry for the trouble.,Technical,High
308,Update: The file is not appearing as expected in the system. Can you check the desktop logs? Need this fixed soon.,Technical,Medium
309,ASAP: Why is there a discrepancy in the statement? It says TXN-101 but the amount is different. Need this fixed soon,Billing,High
310,Query: I was expecting a confirmation but I received a notification about denied. It's a critical blocker. Hope you're having a good day. Sent from my iPhone.,Billing,Medium
311,The dashboard is not loading properly. I was trying to proceed but it just glitches. Best regards.,Technical,Critical
312,Suggestion: I was expecting a email notification but I received a notification about stuck. Need this fixed soon. Thanks for the help. Hope you're having a good day.,Billing,Low
313,"My login information is showing as inactive. Also, the profile panel feelss showing inconsistencies. Sent from my iPhone.",Account,High
314,Tere is a glitches when I sync. This is a major issue. Sent from my desktop.,Technical,Critical
315,CRITICAL: There is a fails to complete when I sync. This is very annoying. Sent from my mobile device. Hope you're having a good day. Sorry for the trouble.,Technical,Critical
316,Getting a generic error in the side section. This happened after yesterday. This is blocking my work.,Technical,Critical
317,I am having trouble with login when I try to update profile. Thanks for the help.,Account,High
318,Question: The statement from yesterday seems not what I agreed to. I checked the details and it looks okay. Hope you're having a good day. Hope you're having a good day. Sent from my iPhone.,Billing,Medium
319,Routine: My account was not going through last night. I also have a question about contact email. Sorry for the trouble.,Billing,Medium
320,BLOCKER: I am having trouble with password credentials when I try to change settings. Sent from my iPhone.,Account,Critical
321,There is a stops working when I submit. This is frustrating. Sent from my desktop. Thanks for the help. Sorry for the trouble.,Technical,High
322,Suggestion My account was flagged last night. I also have a question about contact email. Sorry for the trouble.,Billing,Low
323,"Query: My contact email is under review. Also, the side section feels behaving unexpectedly. Sent from my iPhone.",Account,Medium
324,My card was not going through last night. I also have a question about contact email. Sent from my iPhone. Best regards. Sorry for the trouble.,Billing,Medium
325,Needs checking: The data entry is not appearing as expected in the system. Can you check the client app logs? Urgent attention needed Sorry for the trouble. Hope you're having a good day.,Technical,High
326,"I noticed the side section is acting strange on desktop. Also, and the invoice is wrong. Sorry for the trouble.",Technical,Critical
327,HELP FAST: I was expecting a receipt but I received a notification about flagged. Urgent attention needed. Sorry for the trouble. Sent from my iPhone.,Billing,Critical
328,Question: The auth settings are ating strange. I need to reset my security settings. This is blocking my work.,Account,Medium
329,The update profile level is insufficient for my login information. It keeps hangs. Best regards.,Account,Critical
330,The interface is showing inconsistencies. I was trying to access the feature but it just fails to complete. Sent from my iPhone.,Technical,High
331,ASAP: There is a glitches when I save changes. This is a major issue. Sent from my web browser.,Technical,High
332,Getting a handshake failure in the settings area. This happened aftr the last update. It's a critical blocker.,Technical,High
333,URGENT: I was expecting a PDF file but I received a notification about stuck. Production is impacted..,Billing,Critical
334,"Maybe later: My profile data is showing as inactive. Also, the settings area feels degraded. Sorry for the trouble.",Account,Low
335,The sign in level is insufficient for my contact email. It keeps hangs. Thanks for the help.,Account,Critical
336,The view logs level is insufficient for my contact email. It keeps returns an error. Sent from my iPhone.,Account,Critical
337,Minor: My account was flagged last night. I also have a question about profile data. Best regards.,Billing,Low
338,Query: The item is not appearing as expected in the dashboard. Can you check the Android logs? Urgent attention needed. Thanks for the help. Sent from my iPhone.,Technical,Medium
339,Query: The invoice from this morning seems not what I agreed to. I checked the profile and it looks okay. Thanks for the help.,Billing,Medium
340,By Monday: The verification settings are behaving unexpectedly. I need to set up my security settings. Need this fixed soon.,Account,High
341,"Needs checking: I noticed the settings area is not responding correctly on desktop. Also, also my last payment failed. Sorry for the trouble. Thanks for the help. Sorry for the trouble.",Technical,High
342,Quuery: The plan process did not behave as expected and unusually high. Sorry for the trouble.,Billing,Medium
343,The system is not responding correctly. I was trying to access the feature but it just returns an error. Best regards.,Technical,Low
344,CRITICAL: The plan process did not behave as expected and incorrect. Hope you're having a good day.,Billing,Critical
345,Important: The invoice from the last update seems not what I agreed to. I checked the profile and it looks okay. Thanks for the help. Best regards. Sent from my iPhone.,Billing,High
346,Minor: Why is there a discrepancy in the invoice? It says order #55 but the amount is different. It's a critical blocker.,Billing,Low
347,The update profile level is insufficient for my profile data. It keeps returns an error. Thanks for the help.,Account,High
348,I am having trouble with password credentials when I try to update profile. Hope you're having a good day.,Account,Medium
349,Needs checking: Getting a timeout in the navigation layer. This happened after yesterday. Need this fixed soon.,Technical,High
350,"I noticed the navigation layer is not responding correctly on web browser. Also, and check my refund. Sorry for the trouble.",Technical,Medium
351,The MFA settings are degraded. I need to check my security settings. Need this fixed soon.,Account,Low
352,Query: The feature process did not behave as expected and incorrect. Sorry for the trouble. Best regards. Sent from my iPhone.,Billing,Medium
353,"My profile data is not accessible. Also, the side section feels acting strange. Best regards. Best regars. Hope you're having a good day.",Account,Medium
354,Urgent: The sign in level is insufficient for my security settings. It keeps hangs. Hope you're having a good day.,Account,High
355,FYI: The token is not appearing as expected in the gateway. Can you check the client app logs? Production is impacted.,Technical,Low
356,NOW: My card was denied last night. I also have a question about contact email. Sorry for the trouble. Sent from my iPhone. Best regards.,Billing,Critical
357,URGENT: I am having trouble with password credentials when I try to view logs. Sorry for the trouble.,Account,Critical
358,ASAP: I am having trouble with password credentials when I try to change settings. Sent from my iPhone. Hope you're having a good day. Sent from my iPhone.,Account,High
359,No hurry: The verification settings are not loading properly. I need to review my profile data. Need this fixed soon.,Account,Low
360,Getting a status code 500 in the settings area. This happened after yesterday. This is blocking my work. Best regards. Hope you're having a good day.,Technical,Medium
361,ASAP: The dashboard is degraded. I was trying to proceed but it just returns an error. Sorry for the trouble.,Technical,High
362,"My contact email is under review. Also, the settings area feels showing inconsistencies. Thanks for the help.",Account,Medium
363,I was expecting a confirmation but I received a notification about denied. This is blocking my work.,Billing,Low
364,Rotine: The item is not appearing as expected in the module. Can you check the mobile device logs? Need this fixed soon.,Technical,Medium
365,Maybe later: There is a hangs when I submit. This is very annoying. Sent from my client app.,Technical,Low
366,The add-on process did not behave as expected and unusually high. Sorry for the trouble.,Billing,High
367,No hurry: I was expecting a email notification but I received a notification about stuck. Urgent attention needed.,Billing,Low
368,Follow up: Getting a internal error in the main view. This happened after my last login. Production is impacted. Thanks for the help. Sorry for the trouble.,Technical,Medium
369,Routine: The gateway is behaving unexpectedly. I was trying to upload data but it just glitches. Hope you're having a good day.,Technical,Medium
370,How do I modify the email system? I am not seeing any updates. Production is impacted. Thanks for the help. Hope you're having a good day.,Account,Critical
371,NOW: The entry is not appearing as expected in the interface. Can you check the desktop logs? Need this fixed soon. Sorry for the trouble. Thanks for the help.,Technical,Critical
372,ASAP: I am having trouble with keys when I try to sign in. Sent from my iPhone. Hope you're having a good day. Sorry for the trouble.,Account,High
373,Why is there a discrepancy in the statement? It says ref 99 but the amount is different. Urgent attention needed.,Billing,High
374,The entry is not appearing as expected in the dashboard. Can you check the Android logs? This is blocking my work.,Technical,Low
375,CRITICAL: The SAML seettings are not responding correctly. I need to review my login information. Need this fixed soon. Thanks for the help. Best regards.,Account,Critical
376,FYI: There is a fails to complete when I save changes. This is very annoying. Sent from my client app.,Technical,Low
377,Important: The summary from the weekend seems higher than expected. I checked the address and it looks okay. Thanks for the help.,Billing,High
378,The add-on process did not behave as expected and not what I agreed to. Thanks for the help.,Billing,High
379,FYI: Why is there a discrepancy in the summary? It says INV-202 but the amount is different. Need this fixed soon.,Billing,Low
380,The subscription process did not behave as expected and not what I agreed to. Best regards.,Billing,High
381,The record is not appearing as expected in the dashboard. Can you check the mobile device logs? Production is impacted.,Technical,Medium
382,Query: There is a stops working when I access the feature. This is preventing progress. Sent from my client app.,Technical,Medium
383,IMMEDIATELY: The change settings level is insuffciient for my login information. It keeps stops working. Thanks for the help.,Account,Critical
384,The view logs level is insufficient for my login information. It keeps glitches. Best regards. Hope you're having a good day. Sorry for the trouble.,Account,Medium
385,BLOCKER: There is a glitches when I sync. This is preventing progress. Sent from my client app.,Technical,Critical
386,The system is behaving unexpectedly. I was trying to upload data but it just hangs. Sent from my iPhone. Best regards. Hope you're having a good day.,Technical,Critical
387,Question: The SAML settings are behaving unexpectedly. I need to review my login information. Need this fixed soon. Hope you're having a good day. Sorry for the trouble.,Account,Medium
388,URGENT: Why is there a discrepancy in the summary? It says TXN-101 but the amount is different. Urgent attention needed. Sent from my iPhone. Best regards.,Billing,Critical
389,CRITICAL: Why is there a discrepancy in the invoice? It says INV-202 but the amount is different. Urgent attention needed. Hope you're having a good day. Thanks for the help.,Billing,Critical
390,HELP FAST: Getting a internal error in the profile panel. This happened after the weekend. Production is impacted.,Technical,Critical
391,"By Monday: I noticed the navigation layer is behaving unexpectedly on Android. Also, and check my refund. Sorry for the trouble.",Technical,High
392,HELP FAST: The view logs level is insufficient for my profile data. It keeps stops working. Sorry for the trouble.,Account,Critical
393,Why is there a discrepancy in the latest charge? It says ref 99 but the amount is different. It's a critical blocker.,Billing,Low
394,HELP FAST: There is a giltches when I sync. This is preventing progress. Sent from my web browser.,Technical,Critical
395,Maybe later: The sign in level is insufficient for my profile data. It keeps stops working. Best regards. Sorry for the trouble. Sent from my iPhone.,Account,Low
396,Follow up: The MFA settings are acting strange. I need to set up my security settings. Urgent attention needed. Sent from my iPhone. Best regards.,Account,Medium
397,The update profile level is insufficient for my profile data. It keeps fails to complete. Hope you're having a good day. Sorry for the trouble. Hope you're having a good day.,Account,Low
398,I was expecting a email notification but I received a notification about not going through. This is blocking my work.,Billing,Low
399,NOW: The plan process did not behave as expected and not what I agreed to. Best regards. Sorry for the trouble. Thanks for the help.,Billing,Critical
400,No hurry: How do I check the email system? I am not seeing any updates. It's a critical blocker. Thanks for the help. Hope you're having a good day.,Account,Low
401,IMMEDIATELY: Why is there a discrepancy in the latest charge? It says order #55 but the amount is different. Urgent attention needed.,Billing,Critical
402,Urgent: I am having trouble with keys when I try to view logs. Thanks for the help.,Account,High
403,Important: I was expecting a confirmation but I received a notification about denied. Production is imacted.,Billing,High
404,HELP FAST: How do I reset the alert system? I am not seeing any updates. This is blocking my work.,Account,Critical
405,Getting a status code 500 in the main view. This happened after the last update. Need this fixed soon.,Technical,Critical
406,CRITICAL: The subscription process did not behave as expected and higher than expected. Hope you're having a good day. Hope you're having a good day. Best regards.,Billing,Critical
407,The plan process did not behave as expected and showing twice. Sent from my iPhone. Sorry for the trouble. Best regards.,Billing,Critical
408,BLOCKER: Why is there a discrepancy in the summary? It says ref 99 but the amount is different. This is blocking my work.,Billing,Critical
409,The change settings level is insufficient for my profile data. It keeps fails to complete. Thanks for the help.,Account,High
410,My account was stuck last night. I also have a question about security settings. Hope you're having a good day.,Billing,Critical
411,I am having trouble with authentication info when I try to change settings. Hope you're having a good day. Hope oyu're having a good day. Sorry for the trouble.,Account,Medium
412,Urgent: The item is not appearing as expected in the module. Can you check the web browser logs? This is blocking my work. Hope you're having a good day. Thanks for the help.,Technical,High
413,My transfer was stuck last night. I also have a question about login information. Hope you're having a good day. Sent from my iPhone. Thanks for the help.,Billing,Critical
414,BLOCKER: Getting a handshake failure in the main view. This happened after the weekend. Urgent attention needed. Hope you're having a good day. Thanks for the help.,Technical,Critical
415,BLOCKER: The token is not appearing as expected in the dashboard. Can you check the Android logs? It's a critical blocker.,Technical,Critical
416,IMMEDIATELY: The file is not appearing as expected in the dashboard. Can you check the iOS logs? It's a critical blocker. Best regards. Sorry for the trouble.,Technical,Critical
417,CRITICAL: The sign in level is insufficient for my contact email. It keeps returns an error. Best regards. Best regards. Sent from my iPhone.,Account,Critical
418,Important: I am having trouble with logn when I try to change settings. Sent from my iPhone. Best regards. Thanks for the help.,Account,High
419,The file is not appearing as expected in the dashboard. Can you check the web browser logs? This is blocking my work.,Technical,Medium
420,Needs checking: Getting a handshake failure in the navigation layer. This happened after the last update. This is blocking my work.,Technical,High
421,The sign in level is insufficient for my contact email. It keeps returns an error. Hope you're having a good day.,Account,Medium
422,Suggestion: The subscription process did not behave as expected and higher than expected. Sent from my iPhone.,Billing,Low
423,IMMEDIATELY: The file is not appearing as expected in the gateway. Can you check the web browser logs? This is blocking my work.,Technical,Critical
424,Query: My PayPal was not going through last night. I also have a question about profile data. Best regards.,Billing,Medium
425,The system is degraded. I was trying to submit but it just stops working. Hope you're having a good day.,Technical,Medium
426,BLOCKER: I was expecting a cconfirmation but I received a notification about denied. This is blocking my work.,Billing,Critical
427,By Monday: Why is there a discrepancy in the invoice? It says INV-202 but the amount is different. Production is impacted. Best regards. Hope you're having a good day.,Billing,High
428,I am having trouble with password credentials when I try to sign in. Hope you're having a good day.,Account,Critical
429,The latest charge from the last update seems not what I agreed to. I checked the card info and it looks okay. Thanks for the help.,Billing,Critical
430,No hurry: Why is there a discrepancy in the statement? It says TXN-101 but the amount is different. This is blocking my work.,Billing,Low
431,Qury: My PayPal was stuck last night. I also have a question about contact email. Hope you're having a good day.,Billing,Medium
432,The entry is not appearing as expected in the dashboard. Can you check the desktop logs? Production is mpacted.,Technical,High
433,"URGENT: My login information is under review. Also, the side section feels behaving unexpectedly. Sent from my iPhone.",Account,Critical
434,Getting a handshake failure in the side section. This happened aftter the weekend. This is blocking my work. Hope you're having a good day. Best regards.,Technical,Critical
435,Needs checking: The feature process did not behave as expected and unusually high. Sent from my iPhone.,Billing,High
436,I was expecting a PDF file but I received a notification about flagged. Production is impacted.,Billing,Low
437,I am having trouble with authentication info when I try to sign in. Sorry for the trouble.,Account,Medium
438,The auth settings are acting strange. I need to review my login information. It's a critical blocker.,Account,Medium
439,Maybe later: The file is not appearing as expected in the system. Can you check the desktop logs? This is blocking my work. Sorry for the trouble. Thanks for the help.,Technical,Low
440,Minor: The feature process did not behave as expected and higher than expected. Sorry for the trouble. Thanks for the help. Hope you're having a good day.,Billing,Low
441,IMMEDIATELY: Why is there a discrepancy in the summary? It says TXN-101 but the amount is different. Urgent attention needed. Sent from my iPhone. Sorry for the trouble.,Billing,Critical
442,The subscription process did not behave as expected and not what I agreed to. Hope you're having a good day.,Billing,Low
443,Update: The system is not loading properly. I was trying to upload data but it just hangs. Sorry for the trouble.,Technical,Medium
444,Sugggestion: Why is there a discrepancy in the statement? It says TXN-101 but the amount is different. Urgent attention needed.,Billing,Low
445,By Monday: The token is not appearing as expected in the interface. Can you check the mobile device logs? It's a critical blocker.,Technical,High
446,Routine: Why is there a discrepancy in the invoice? It says INV-202 but the amount is different. Urgent attention needed. Thanks for the help. Best regards.,Billing,Medium
447,How do I check the alert system? I am not seeing any updates. Need this fixed soon. Sorry for the trouble. Thanks for the help.,Account,Critical
448,The update profile level is insufficient for my security settings. It keeps fails to complete. Sent from my iPhone.,Account,Low
449,Needs checking: The statement from this morning seems higher than expected. I checked the address and it looks okay. Hope you're having a good day. Sorry for the trouble. Thanks for the hel.p,Billing,High
450,How do I set up the email system? I am not seeing any updates. Need this fixed soon.,Account,Medium
451,Important: Getting a unexpected response in the navigation layer. This happened after the weekend. Urgent attention needed.,Technical,High
452,Suggestion: I was expecting a email notification but I received a notification about flagged. Urgent attention needed.,Billing,Low
453,The latest charge from this morning seems showing twice. I checked the profile and it looks okay. Best regards. Thanks for the help. Sent from my iPhone.,Billing,Medium
454,Routine: The invoice from this morning seems unusually high. I checked the address and it looks okay. Best regards.,Billing,Medium
455,By Monday: My transfer was not going through last night. I also have a question about profile data. Sorry for the trouble.,Billing,High
456,Query: My card was denied last night. I also have a question about profile data. Hope you're having a good day.,Billing,Medium
457,Minor: Why is there a discrepancy in the summary? It says TXN-101 but the amount is different. This is blocking my work.,Billing,Low
458,FYI: The entry is not appearing as expected in the system. Can you check the iOS logs? Production is impacted. Sent from my iPhone. Thanks for the help.,Technical,Low
459,"Urgent: I noticed the profile panel is acting strange on client app. Also, and check my refund. Sent from my iPhone. Hope you're having a good day. Best regards.",Technical,High
460,Question: Why is there a discrepancy in the statement? It says order #55 but the amount is different. It's a critical blocker. Hope you're having a good day. Sorry for the trouble.,Billing,Medium
461,BLOCKER: How do I modify the message system? I am not seeing any updates. Need this fixed soon.,Account,Critical
462,"Query: I noticed the profile panel is degraded on mobile devce. Also, and the invoice is wrong. Best regards. Best regards. Hope you're having a good day.",Technical,Medium
463,I am having trouble with keys when I try to update profile. Hope you're having a good day. Thanks for the help. Best regards.,Account,Medium
464,"I noticed the settings area is not loading properly on mobile device. Also, also my last payment failed. Hope you're having a good day. Best regards. Thanks for the help.",Technical,High
465,"Update: My login information is under review. Also, the side section feels degraded. Sorry for the trouble. Sorry for the trouble. Sent from my iPhone.",Account,Medium
466,The dashboard is degraded. I was trying to upload data but it just returns an error. Thanks for the help.,Technical,Low
467,"I noticed the profile panel is behaving unexpectedly on iOS. Also, also my last payment failed. Thanks for the help. Thanks for the help. Sorry for the toruble.",Technical,Low
468,"CRITICAL: I noticed the navigation layer is behaving unexpectedly on client app. Also, but I have a billing question. Sorry for the trouble.",Technical,Critical
469,The verification settings are not responding correctly. I need to review my security settings. Production is impacted. Sent from my iPhone. Hope you're having a good day.,Account,Low
470,"No hurry: I noticed the settings area is degraded on desktop. Also, also my last payment failed. Best regards. Sent from my iPhone. Thanks for the help.",Technical,Low
471,How do I check the email system? I am not seeing any updates. It's a critical blocker. Thanks for the help. Sorry for the trouble.,Account,Low
472,The latets charge from the last update seems higher than expected. I checked the address and it looks okay. Sorry for the trouble.,Billing,High
473,How do I review the SMS system? I am not seeing any updates. It's a critical blocker.,Account,Medium
474,URGENT: The change settings level is insufficient for my contact mail. It keeps returns an error. Sorry for the trouble.,Account,Critical
475,The poratl is showing inconsistencies. I was trying to submit but it just stops working. Best regards. Thanks for the help. Hope you're having a good day.,Technical,Critical
476,CRITICAL: The file is not appearing as expected in the system. Can you check the Android logs? This is blocking my work.,Technical,Critical
477,Gettnig a unexpected response in the main view. This happened after this morning. This is blocking my work.,Technical,Low
478,FYI: There is a fails to complete when I upload data. This is very annoying. Sent from my client app. Hope you're having a good day. Thanks for the help.,Technical,Low
479,My transfer was stuck last night. I also have a question about security settings. Sorry for the trouble.,Billing,High
480,The MFA settings are acting strange. I need to set up my login information. Production is impacted.,Account,High
481,Suggestion: Why is there a discrepancy in the summary? It says order #55 but the amount is different. Urgent attention needed.,Billing,Low
482,My PayPal was denied last night. I also have a question about contact email. Sent from my iPhone.,Billing,Medium
483,ASAP: The invoice from my last login seems not what I agreed to. I checked the profile and it looks okay. Best regards.,Billing,High
484,The summary from the last update seems higher than expected. I checked the address and it looks okay. Hope you''re having a good day.,Billing,Low
485,Important: How do I review the SMS system? I am not seeing any updates. This is blocking my work.,Account,High
486,Why is there a discrepancy in the summary? It says INV-202 but the amount is different. It's a critical blocker.,Billing,High
487,"URGENT: My contact email is not accessible. Also, the settings area feels showingg inconsistencies. Hope you're having a good day. Hope you're having a good day. Thanks for the help.",Account,Critical
488,Query: How do I set up the message system? I am not seeing any updates. This is blocking my work. Sent from my iPhone. Thanks for the help.,Account,Medium
489,The summary from the last update seems higher than expected. I checked the address and it looks okay. Best regards.,Billing,Low
490,My PayPal was stuck last night. I also have a question about security settings. Sent from my iPhone.,Billing,Critical
491,FYI: Why is there a discrepancy in the invoice? It says INV-202 but the amount is different. Need this fixed soon.,Billing,Low
492,Why is there a discrepancy in the latest charge? It says order #55 but the amount is different. It's a critical blocker.,Billing,High
493,Urgen:t The feature process did not behave as expected and showing twice. Hope you're having a good day.,Billing,High
494,No hurry: How do I check the message system? I am not seeing any updates. It's a critical blocker.,Account,Low
495,Update: Getting a status code 500 in the side section. This happened after the weekend. Need this fixed soon.,Technical,Medium
496,Suggestion: The MFA settings are not loading properly. I need to review my security settings. It's a critical blocker.,Account,Low
497,The data entry is not appearing as expected in the module. Can you check the web browser logs? It's a critical blocker.,Technical,Low
498,Question: The change settings level is insufficient for my security settings. It keeps returns an error. Thanks for the help.,Account,Medium
499,NOW: The change settings level is insufficient for my contact email. It keeps hangs. Hope you're having a good day. Best regards. Sent from my iPhone.,Account,Critical
500,Maybe later: The auth settings are not loading properly. I need to set up my login information. It's a critical blocker.,Account,Low
501,I am having trouble with password crdeentials when I try to view logs. Sorry for the trouble.,Account,Critical
502,IMMEDIATELY: I was expecting a email notification but I received a notification about denied. This is blocking my work.,Billing,Critical
503,The dashboard is behaving unexpectedly. I was trying to access the feature but it just hangs. Hope you're having a good day. Sent from my iPhone. Hope you're having a good day.,Technical,Low
504,The summary from yesterday seems incorrect. I checked the details and it looks okay. Sorry for the trouble.,Billing,High
505,"system is completely down, no users can access the platform",Technical,Critical
506,payment gateway is completely broken since 2 hours,Technical,Critical
507,"the entire system is down, no one can login",Technical,Critical
508,"system is completely down, no users can access the platform",Technical,Critical
509,we are losing customer data right now,Technical,Critical
510,payment gateway is completely broken since 2 hours hello,Technical,Critical
511,payment gateway is completely broken since 2 hours,Technical,Critical
512,security breach detected on our account thanks,Technical,Critical
513,payment gateway is completely broken since 2 hours can someone check this,Technical,Critical
514,"hi the entire system is down, no one can login best",Technical,Critical
515,no users can access the platform best,Technical,Critical
516,we are losing customer data right now,Technical,Critical
517,the entire system is completely down can someone check this,Technical,Critical
518,we are losing customer data right now,Technical,Critical
519,"system is completely down, no users can access the platform",Technical,Critical
520,security breach detected on our account,Technical,Critical
521,"the entire system is down, no one can login",Technical,Critical
522,"the entire system is down, no one can login can someone check this",Technical,Critical
523,not sure why security breach detected on our account,Technical,Critical
524,"please help system is completely down, no users can access the platform can someone check this",Technical,Critical
525,the entire system is completely down can someone check this,Technical,Critical
526,"the entire system is down, no one can login hello",Technical,Critical
527,payment gateway is completely broken since 2 hours can someone check this,Technical,Critical
528,we are losing customer data right now,Technical,Critical
529,"the entire system is down, no one can login",Technical,Critical
530,"system is completely down, no users can access the platform",Technical,Critical
531,payment gateway is completely broken since 2 hours please help,Technical,Critical
532,"hi the entire system is down, no one can login",Technical,Critical
533,"system is completely down, no users can access the platform can someone check this",Technical,Critical
534,security breach detected on our account,Technical,Critical
535,best no users can access the platform,Technical,Critical
536,payment gateway is completely broken since 2 hours best,Technical,Critical
537,"hi system is completely down, no users can access the platform best",Technical,Critical
538,no users can access the platform can someone check this,Technical,Critical
539,"the entire system is down, no one can login can someone check this",Technical,Critical
540,"system is completely down, no users can access the platform regards",Technical,Critical
541,can someone check this payment gateway is completely broken since 2 hours,Technical,Critical
542,"please help system is completely down, no users can access the platform please help",Technical,Critical
543,"the entire system is down, no one can login thanks",Technical,Critical
544,we are losing customer data right now,Technical,Critical
545,security breach detected on our account,Technical,Critical
546,payment gateway is completely broken since 2 hours,Technical,Critical
547,the entire system is completely down not sure why,Technical,Critical
548,we are losing customer data right now,Technical,Critical
549,the entire system is completely down hi,Technical,Critical
550,the entire system is completely down thanks,Technical,Critical
551,"best the entire system is down, no one can login",Technical,Critical
552,payment gateway is completely broken since 2 hours not sure why,Technical,Critical
553,payment gateway is completely broken since 2 hours,Technical,Critical
554,no users can access the platform,Technical,Critical
555,no users can access the platform,Technical,Critical
556,the entire system is completely down,Technical,Critical
557,the entire system is completely down,Technical,Critical
558,"the entire system is down, no one can login can someone check this",Technical,Critical
559,the entire system is completely down best,Technical,Critical
560,"system is completely down, no users can access the platform",Technical,Critical
561,payment gateway is completely broken since 2 hours hello,Technical,Critical
562,payment gateway is completely broken since 2 hours,Technical,Critical
563,payment gateway is completely broken since 2 hours hello,Technical,Critical
564,"the entire system is down, no one can login best",Technical,Critical
565,payment gateway is completely broken since 2 hours,Technical,Critical
566,"system is completely down, no users can access the platform please help",Technical,Critical
567,best the entire system is completely down thanks,Technical,Critical
568,the entire system is completely down hi,Technical,Critical
569,we are losing customer data right now,Technical,Critical
570,hi we are losing customer data right now,Technical,Critical
571,"the entire system is down, no one can login",Technical,Critical
572,security breach detected on our account,Technical,Critical
573,"the entire system is down, no one can login",Technical,Critical
574,"thanks the entire system is down, no one can login",Technical,Critical
575,"not sure why system is completely down, no users can access the platform best",Technical,Critical
576,security breach detected on our account,Technical,Critical
577,can someone check this payment gateway is completely broken since 2 hours,Technical,Critical
578,not sure why we are losing customer data right now not sure why,Technical,Critical
579,no users can access the platform,Technical,Critical
580,we are losing customer data right now,Technical,Critical
581,security breach detected on our account can someone check this,Technical,Critical
582,security breach detected on our account please help,Technical,Critical
583,no users can access the platform hello,Technical,Critical
584,security breach detected on our account,Technical,Critical
585,payment gateway is completely broken since 2 hours can someone check this,Technical,Critical
586,can someone check this the entire system is completely down,Technical,Critical
587,please help we are losing customer data right now regards,Technical,Critical
588,hi we are losing customer data right now best,Technical,Critical
589,payment gateway is completely broken since 2 hours,Technical,Critical
590,payment gateway is completely broken since 2 hours,Technical,Critical
591,not sure why we are losing customer data right now hi,Technical,Critical
592,we are losing customer data right now,Technical,Critical
593,regards we are losing customer data right now,Technical,Critical
594,the entire system is completely down please help,Technical,Critical
595,can someone check this security breach detected on our account regards,Technical,Critical
596,please help payment gateway is completely broken since 2 hours not sure why,Technical,Critical
597,"hi the entire system is down, no one can login regards",Technical,Critical
598,no users can access the platform thanks,Technical,Critical
599,hi we are losing customer data right now hi,Technical,Critical
600,"system is completely down, no users can access the platform best",Technical,Critical
601,the entire system is completely down please help,Technical,Critical
602,"the entire system is down, no one can login please help",Technical,Critical
603,"the entire system is down, no one can login",Technical,Critical
604,payment gateway is completely broken since 2 hours thanks,Technical,Critical
605,"the entire system is down, no one can login",Technical,Critical
606,no users can access the platform hi,Technical,Critical
607,"the entire system is down, no one can login",Technical,Critical
608,"best system is completely down, no users can access the platform please help",Technical,Critical
609,"the entire system is down, no one can login regards",Technical,Critical
610,no users can access the platform,Technical,Critical
611,security breach detected on our account can someone check this,Technical,Critical
612,we are losing customer data right now,Technical,Critical
613,we are losing customer data right now thanks,Technical,Critical
614,security breach detected on our account,Technical,Critical
615,no users can access the platform thanks,Technical,Critical
616,no users can access the platform,Technical,Critical
617,please help payment gateway is completely broken since 2 hours hello,Technical,Critical
618,security breach detected on our account,Technical,Critical
619,payment gateway is completely broken since 2 hours thanks,Technical,Critical
620,payment gateway is completely broken since 2 hours,Technical,Critical
621,payment gateway is completely broken since 2 hours can someone check this,Technical,Critical
622,"the entire system is down, no one can login hello",Technical,Critical
623,no users can access the platform not sure why,Technical,Critical
624,we are losing customer data right now regards,Technical,Critical
625,page shows server error and 404 not found,Technical,High
626,hello page shows server error and 404 not found,Technical,High
627,login page returns 500 internal server error not sure why,Technical,High
628,"cannot complete payment, getting server error",Technical,High
629,"the next page is loading for a long time, shows server error and error 404 not found hi",Technical,High
630,getting a server error thanks,Technical,High
631,app crashes when trying to checkout,Technical,High
632,login page returns 500 internal server error,Technical,High
633,database connection error on every request,Technical,High
634,thanks page shows server error and 404 not found,Technical,High
635,login page returns 500 internal server error thanks,Technical,High
636,page shows server error and 404 not found,Technical,High
637,app crashes when trying to checkout can someone check this,Technical,High
638,database connection error on every request hi,Technical,High
639,login page returns 500 internal server error hi,Technical,High
640,database connection error on every request,Technical,High
641,"hi cannot complete payment, getting server error",Technical,High
642,app crashes when trying to checkout,Technical,High
643,login page returns 500 internal server error not sure why,Technical,High
644,the next page is loading for a long time and shows error 404,Technical,High
645,"the next page is loading for a long time, shows server error and error 404 not found hello",Technical,High
646,getting a server error hello,Technical,High
647,database connection error on every request,Technical,High
648,login page returns 500 internal server error not sure why,Technical,High
649,regards app crashes when trying to checkout hello,Technical,High
650,app crashes when trying to checkout,Technical,High
651,page shows server error and 404 not found,Technical,High
652,page shows server error and 404 not found,Technical,High
653,"the next page is loading for a long time, shows server error and error 404 not found",Technical,High
654,"hi cannot complete payment, getting server error not sure why",Technical,High
655,login page returns 500 internal server error,Technical,High
656,database connection error on every request,Technical,High
657,getting a server error,Technical,High
658,login page returns 500 internal server error hi,Technical,High
659,"cannot complete payment, getting server error",Technical,High
660,app crashes when trying to checkout,Technical,High
661,"the next page is loading for a long time, shows server error and error 404 not found regards",Technical,High
662,the next page is loading for a long time and shows error 404,Technical,High
663,database connection error on every request hi,Technical,High
664,"cannot complete payment, getting server error not sure why",Technical,High
665,please help page shows server error and 404 not found hello,Technical,High
666,can someone check this page shows server error and 404 not found,Technical,High
667,app crashes when trying to checkout not sure why,Technical,High
668,page shows server error and 404 not found,Technical,High
669,the next page is loading for a long time and shows error 404 best,Technical,High
670,app crashes when trying to checkout,Technical,High
671,login page returns 500 internal server error hi,Technical,High
672,app crashes when trying to checkout,Technical,High
673,"cannot complete payment, getting server error best",Technical,High
674,database connection error on every request hello,Technical,High
675,login page returns 500 internal server error,Technical,High
676,database connection error on every request,Technical,High
677,hi login page returns 500 internal server error,Technical,High
678,can someone check this getting a server error,Technical,High
679,database connection error on every request can someone check this,Technical,High
680,the next page is loading for a long time and shows error 404,Technical,High
681,"the next page is loading for a long time, shows server error and error 404 not found",Technical,High
682,"cannot complete payment, getting server error thanks",Technical,High
683,login page returns 500 internal server error,Technical,High
684,"the next page is loading for a long time, shows server error and error 404 not found regards",Technical,High
685,the next page is loading for a long time and shows error 404,Technical,High
686,getting a server error,Technical,High
687,getting a server error,Technical,High
688,database connection error on every request,Technical,High
689,"the next page is loading for a long time, shows server error and error 404 not found hi",Technical,High
690,page shows server error and 404 not found can someone check this,Technical,High
691,database connection error on every request,Technical,High
692,page shows server error and 404 not found,Technical,High
693,"the next page is loading for a long time, shows server error and error 404 not found",Technical,High
694,thanks database connection error on every request,Technical,High
695,getting a server error regards,Technical,High
696,the next page is loading for a long time and shows error 404 hi,Technical,High
697,"cannot complete payment, getting server error",Technical,High
698,login page returns 500 internal server error best,Technical,High
699,page shows server error and 404 not found hi,Technical,High
700,database connection error on every request can someone check this,Technical,High
701,"regards cannot complete payment, getting server error",Technical,High
702,login page returns 500 internal server error,Technical,High
703,not sure why getting a server error,Technical,High
704,database connection error on every request,Technical,High
705,"cannot complete payment, getting server error",Technical,High
706,best app crashes when trying to checkout,Technical,High
707,can someone check this app crashes when trying to checkout best,Technical,High
708,"cannot complete payment, getting server error not sure why",Technical,High
709,"cannot complete payment, getting server error not sure why",Technical,High
710,"cannot complete payment, getting server error",Technical,High
711,can someone check this page shows server error and 404 not found please help,Technical,High
712,the next page is loading for a long time and shows error 404 best,Technical,High
713,database connection error on every request can someone check this,Technical,High
714,the next page is loading for a long time and shows error 404,Technical,High
715,please help database connection error on every request hello,Technical,High
716,login page returns 500 internal server error,Technical,High
717,"the next page is loading for a long time, shows server error and error 404 not found best",Technical,High
718,getting a server error can someone check this,Technical,High
719,login page returns 500 internal server error can someone check this,Technical,High
720,best app crashes when trying to checkout best,Technical,High
721,page shows server error and 404 not found,Technical,High
722,"the next page is loading for a long time, shows server error and error 404 not found not sure why",Technical,High
723,"regards the next page is loading for a long time, shows server error and error 404 not found not sure why",Technical,High
724,getting a server error,Technical,High
725,"regards cannot complete payment, getting server error thanks",Technical,High
726,"can someone check this cannot complete payment, getting server error",Technical,High
727,can someone check this database connection error on every request,Technical,High
728,"the next page is loading for a long time, shows server error and error 404 not found thanks",Technical,High
729,"the next page is loading for a long time, shows server error and error 404 not found best",Technical,High
730,database connection error on every request thanks,Technical,High
731,page shows server error and 404 not found hello,Technical,High
732,app crashes when trying to checkout,Technical,High
733,login page returns 500 internal server error not sure why,Technical,High
734,the next page is loading for a long time and shows error 404 please help,Technical,High
735,page shows server error and 404 not found thanks,Technical,High
736,getting a server error,Technical,High
737,"the next page is loading for a long time, shows server error and error 404 not found",Technical,High
738,"the next page is loading for a long time, shows server error and error 404 not found",Technical,High
739,database connection error on every request regards,Technical,High
740,getting a server error,Technical,High
741,login page returns 500 internal server error,Technical,High
742,getting a server error,Technical,High
743,getting a server error,Technical,High
744,"cannot complete payment, getting server error best",Technical,High
745,UI is not rendering correctly on mobile best,Technical,Medium
746,the dashboard loads slowly sometimes please help,Technical,Medium
747,the dashboard loads slowly,Technical,Medium
748,export button is not working sometimes thanks,Technical,Medium
749,feature is slow but still works can someone check this,Technical,Medium
750,the dashboard loads slowly can someone check this,Technical,Medium
751,the dashboard loads slowly please help,Technical,Medium
752,export button is not working sometimes,Technical,Medium
753,UI is not rendering correctly on mobile can someone check this,Technical,Medium
754,the dashboard loads slowly best,Technical,Medium
755,the dashboard loads slowly sometimes regards,Technical,Medium
756,the dashboard loads slowly sometimes please help,Technical,Medium
757,best UI is not rendering correctly on mobile thanks,Technical,Medium
758,the dashboard loads slowly sometimes best,Technical,Medium
759,feature is slow but still works,Technical,Medium
760,export button is not working sometimes thanks,Technical,Medium
761,feature is slow but still works,Technical,Medium
762,UI is not rendering correctly on mobile,Technical,Medium
763,UI is not rendering correctly on mobile thanks,Technical,Medium
764,please help the dashboard loads slowly sometimes thanks,Technical,Medium
765,the dashboard loads slowly,Technical,Medium
766,feature is slow but still works please help,Technical,Medium
767,feature is slow but still works,Technical,Medium
768,the dashboard loads slowly regards,Technical,Medium
769,the dashboard loads slowly sometimes,Technical,Medium
770,the dashboard loads slowly,Technical,Medium
771,please help feature is slow but still works,Technical,Medium
772,the dashboard loads slowly,Technical,Medium
773,UI is not rendering correctly on mobile,Technical,Medium
774,feature is slow but still works,Technical,Medium
775,the dashboard loads slowly sometimes regards,Technical,Medium
776,export button is not working sometimes hi,Technical,Medium
777,export button is not working sometimes,Technical,Medium
778,feature is slow but still works regards,Technical,Medium
779,not sure why UI is not rendering correctly on mobile,Technical,Medium
780,can someone check this export button is not working sometimes,Technical,Medium
781,UI is not rendering correctly on mobile hi,Technical,Medium
782,feature is slow but still works,Technical,Medium
783,the dashboard loads slowly hello,Technical,Medium
784,feature is slow but still works,Technical,Medium
785,UI is not rendering correctly on mobile regards,Technical,Medium
786,feature is slow but still works,Technical,Medium
787,the dashboard loads slowly regards,Technical,Medium
788,the dashboard loads slowly not sure why,Technical,Medium
789,export button is not working sometimes regards,Technical,Medium
790,hello the dashboard loads slowly sometimes please help,Technical,Medium
791,the dashboard loads slowly,Technical,Medium
792,the dashboard loads slowly hi,Technical,Medium
793,export button is not working sometimes,Technical,Medium
794,UI is not rendering correctly on mobile,Technical,Medium
795,feature is slow but still works hi,Technical,Medium
796,the dashboard loads slowly sometimes thanks,Technical,Medium
797,UI is not rendering correctly on mobile thanks,Technical,Medium
798,UI is not rendering correctly on mobile,Technical,Medium
799,thanks feature is slow but still works,Technical,Medium
800,regards export button is not working sometimes,Technical,Medium
801,the dashboard loads slowly sometimes,Technical,Medium
802,export button is not working sometimes hi,Technical,Medium
803,feature is slow but still works,Technical,Medium
804,export button is not working sometimes best,Technical,Medium
805,hi UI is not rendering correctly on mobile not sure why,Technical,Medium
806,can someone check this UI is not rendering correctly on mobile,Technical,Medium
807,export button is not working sometimes,Technical,Medium
808,UI is not rendering correctly on mobile hi,Technical,Medium
809,feature is slow but still works,Technical,Medium
810,export button is not working sometimes not sure why,Technical,Medium
811,feature is slow but still works,Technical,Medium
812,export button is not working sometimes,Technical,Medium
813,can someone check this the dashboard loads slowly,Technical,Medium
814,the dashboard loads slowly best,Technical,Medium
815,regards UI is not rendering correctly on mobile hello,Technical,Medium
816,the dashboard loads slowly sometimes,Technical,Medium
817,export button is not working sometimes,Technical,Medium
818,the dashboard loads slowly sometimes,Technical,Medium
819,not sure why the dashboard loads slowly,Technical,Medium
820,feature is slow but still works,Technical,Medium
821,export button is not working sometimes,Technical,Medium
822,UI is not rendering correctly on mobile hi,Technical,Medium
823,UI is not rendering correctly on mobile hello,Technical,Medium
824,feature is slow but still works,Technical,Medium
825,the dashboard loads slowly,Technical,Medium
826,feature is slow but still works,Technical,Medium
827,UI is not rendering correctly on mobile,Technical,Medium
828,the dashboard loads slowly sometimes,Technical,Medium
829,feature is slow but still works hello,Technical,Medium
830,the dashboard loads slowly sometimes not sure why,Technical,Medium
831,the dashboard loads slowly,Technical,Medium
832,export button is not working sometimes,Technical,Medium
833,UI is not rendering correctly on mobile hi,Technical,Medium
834,the dashboard loads slowly sometimes not sure why,Technical,Medium
835,hello export button is not working sometimes,Technical,Medium
836,the dashboard loads slowly sometimes,Technical,Medium
837,the dashboard loads slowly sometimes,Technical,Medium
838,UI is not rendering correctly on mobile regards,Technical,Medium
839,export button is not working sometimes,Technical,Medium
840,thanks export button is not working sometimes,Technical,Medium
841,can someone check this UI is not rendering correctly on mobile,Technical,Medium
842,UI is not rendering correctly on mobile,Technical,Medium
843,the dashboard loads slowly,Technical,Medium
844,export button is not working sometimes thanks,Technical,Medium
845,feature is slow but still works,Technical,Medium
846,the dashboard loads slowly,Technical,Medium
847,not sure why UI is not rendering correctly on mobile,Technical,Medium
848,export button is not working sometimes regards,Technical,Medium
849,export button is not working sometimes,Technical,Medium
850,export button is not working sometimes,Technical,Medium
851,thanks the dashboard loads slowly sometimes please help,Technical,Medium
852,hi the dashboard loads slowly sometimes hello,Technical,Medium
853,feature is slow but still works can someone check this,Technical,Medium
854,export button is not working sometimes,Technical,Medium
855,the dashboard loads slowly,Technical,Medium
856,please help UI is not rendering correctly on mobile,Technical,Medium
857,the dashboard loads slowly sometimes,Technical,Medium
858,the dashboard loads slowly best,Technical,Medium
859,the dashboard loads slowly not sure why,Technical,Medium
860,UI is not rendering correctly on mobile best,Technical,Medium
861,hello the dashboard loads slowly,Technical,Medium
862,the dashboard loads slowly sometimes hi,Technical,Medium
863,UI is not rendering correctly on mobile,Technical,Medium
864,can someone check this the dashboard loads slowly not sure why,Technical,Medium
865,can you add dark mode,Technical,Low
866,can you add dark mode hi,Technical,Low
867,"regards I forgot my password, how do I reset it hello",Technical,Low
868,hi how do I reset my password hi,Technical,Low
869,please help can you add dark mode,Technical,Low
870,how do I reset my password,Technical,Low
871,thanks how do I reset my password can someone check this,Technical,Low
872,best how do I reset my password,Technical,Low
873,how do I change my profile picture,Technical,Low
874,how do I reset my password,Technical,Low
875,how do I change my profile picture,Technical,Low
876,how do I reset my password,Technical,Low
877,how do I reset my password regards,Technical,Low
878,thanks how do I reset my password thanks,Technical,Low
879,can someone check this how do I reset my password,Technical,Low
880,"I forgot my password, how do I reset it",Technical,Low
881,how do I change my profile picture hi,Technical,Low
882,I want to update my billing address,Technical,Low
883,"I forgot my password, how do I reset it regards",Technical,Low
884,"I forgot my password, how do I reset it",Technical,Low
885,can you add dark mode,Technical,Low
886,I want to update my billing address best,Technical,Low
887,"I forgot my password, how do I reset it regards",Technical,Low
888,"I forgot my password, how do I reset it",Technical,Low
889,please help how do I reset my password thanks,Technical,Low
890,"I forgot my password, how do I reset it",Technical,Low
891,can you add dark mode hi,Technical,Low
892,not sure why I want to update my billing address thanks,Technical,Low
893,hello how do I reset my password thanks,Technical,Low
894,can you add dark mode best,Technical,Low
895,can you add dark mode,Technical,Low
896,I want to update my billing address hello,Technical,Low
897,I want to update my billing address not sure why,Technical,Low
898,I want to update my billing address best,Technical,Low
899,"I forgot my password, how do I reset it",Technical,Low
900,"I forgot my password, how do I reset it best",Technical,Low
901,can you add dark mode,Technical,Low
902,"I forgot my password, how do I reset it please help",Technical,Low
903,regards I want to update my billing address,Technical,Low
904,can you add dark mode,Technical,Low
905,I want to update my billing address hi,Technical,Low
906,"I forgot my password, how do I reset it thanks",Technical,Low
907,can you add dark mode please help,Technical,Low
908,"best I forgot my password, how do I reset it",Technical,Low
909,"I forgot my password, how do I reset it",Technical,Low
910,"I forgot my password, how do I reset it regards",Technical,Low
911,can you add dark mode,Technical,Low
912,best I want to update my billing address hello,Technical,Low
913,how do I reset my password,Technical,Low
914,how do I reset my password,Technical,Low
915,can you add dark mode thanks,Technical,Low
916,can you add dark mode please help,Technical,Low
917,hi I want to update my billing address can someone check this,Technical,Low
918,how do I change my profile picture,Technical,Low
919,can you add dark mode,Technical,Low
920,I want to update my billing address hi,Technical,Low
921,"I forgot my password, how do I reset it hi",Technical,Low
922,"I forgot my password, how do I reset it not sure why",Technical,Low
923,"I forgot my password, how do I reset it hi",Technical,Low
924,hello how do I reset my password can someone check this,Technical,Low
925,how do I reset my password thanks,Technical,Low
926,"I forgot my password, how do I reset it",Technical,Low
927,I want to update my billing address,Technical,Low
928,how do I reset my password,Technical,Low
929,regards how do I reset my password,Technical,Low
930,how do I change my profile picture,Technical,Low
931,how do I change my profile picture please help,Technical,Low
932,can you add dark mode hello,Technical,Low
933,"I forgot my password, how do I reset it",Technical,Low
934,how do I reset my password can someone check this,Technical,Low
935,can you add dark mode,Technical,Low
936,how do I reset my password,Technical,Low
937,how do I change my profile picture,Technical,Low
938,I want to update my billing address,Technical,Low
939,"can someone check this I forgot my password, how do I reset it",Technical,Low
940,"I forgot my password, how do I reset it",Technical,Low
941,can you add dark mode regards,Technical,Low
942,how do I change my profile picture hello,Technical,Low
943,how do I reset my password thanks,Technical,Low
944,can you add dark mode,Technical,Low
945,hello can you add dark mode,Technical,Low
946,how do I change my profile picture hi,Technical,Low
947,please help how do I reset my password,Technical,Low
948,how do I reset my password thanks,Technical,Low
949,can you add dark mode,Technical,Low
950,how do I change my profile picture,Technical,Low
951,thanks I want to update my billing address thanks,Technical,Low
952,I want to update my billing address thanks,Technical,Low
953,"I forgot my password, how do I reset it",Technical,Low
954,how do I reset my password hello,Technical,Low
955,I want to update my billing address regards,Technical,Low
956,how do I reset my password,Technical,Low
957,how do I change my profile picture hello,Technical,Low
958,how do I change my profile picture regards,Technical,Low
959,can you add dark mode thanks,Technical,Low
960,how do I change my profile picture hello,Technical,Low
961,can you add dark mode please help,Technical,Low
962,I want to update my billing address,Technical,Low
963,I want to update my billing address,Technical,Low
964,can you add dark mode,Technical,Low
965,how do I reset my password hello,Technical,Low
966,I want to update my billing address,Technical,Low
967,I want to update my billing address best,Technical,Low
968,I want to update my billing address,Technical,Low
969,"I forgot my password, how do I reset it",Technical,Low
970,can you add dark mode,Technical,Low
971,I want to update my billing address,Technical,Low
972,I want to update my billing address,Technical,Low
973,thanks can you add dark mode hi,Technical,Low
974,"I forgot my password, how do I reset it can someone check this",Technical,Low
975,how do I reset my password best,Technical,Low
976,"I forgot my password, how do I reset it",Technical,Low
977,"I forgot my password, how do I reset it",Technical,Low
978,how do I change my profile picture best,Technical,Low
979,how do I reset my password,Technical,Low
980,how do I change my profile picture regards,Technical,Low
981,"can someone check this I forgot my password, how do I reset it",Technical,Low
982,can you add dark mode,Technical,Low
983,I want to update my billing address,Technical,Low
984,how do I reset my password please help,Technical,Low
985,"The portal is not loading properly and it just returns an error. Thanks for the help.",Technical,Critical
986,"BLOCKER: The portal is not loading. All users are stuck. Production is completely down.",Technical,Critical
987,"Getting a internal error in the profile panel after the weekend. Production is impacted.",Technical,Critical
988,"Internal server error in the profile panel. System is down. Production is impacted.",Technical,Critical
989,"The portal is completely unresponsive and not loading for any user. Need this fixed now.",Technical,Critical
990,"Urgent: The portal is not responding correctly. I was trying to proceed but it just glitches. Thanks for the help.",Technical,High
991,"The portal is not responding as expected. I was trying to proceed but glitches happened. Need this fixed soon.",Technical,High
992,"The module is acting strange. I was trying to submit but it just fails to complete. Need this fixed soon.",Technical,High
993,"Module is behaving strangely. Submission fails to complete every time. Need this fixed soon.",Technical,High
994,"The file is not appearing as expected in the module. Can you check the mobile device logs? Need this fixed soon.",Technical,High
995,"File not appearing properly in the module. Mobile device logs needed urgently to debug.",Technical,High
996,"Getting a generic error in the main view after my last login. This is frustrating.",Technical,Medium
997,"Generic error in the main view since last login. Not blocking but annoying.",Technical,Medium
998,"The dashboard is behaving unexpectedly. I was trying to submit but it just glitches. Hope you are having a good day.",Technical,Medium
999,"Dashboard showing glitches intermittently when trying to submit. Not urgent.",Technical,Medium
1000,"Getting a status code 500 in the settings area after this morning. It is a critical blocker.",Technical,Medium
1001,"Settings area returning 500 sometimes. Not consistent but happening today.",Technical,Medium
1002,"NOW: My card was denied last night. I also have a question about contact email. Sorry for the trouble. Sent from my iPhone. Best regards.",Billing,Critical
1003,"BLOCKER: My card was denied. This is preventing all payments. Need this fixed now.",Billing,Critical
1004,"My card was denied and I cannot make any payments. This is completely blocking me right now.",Billing,Critical
1005,"CRITICAL: Why is there a discrepancy in the invoice? It says INV-202 but the amount is different. Best regards.",Billing,Critical
1006,"Invoice discrepancy critical: the amount charged is completely wrong and must be fixed immediately.",Billing,Critical
1007,"My card was not going through last night. I also have a question about login information. Best regards.",Billing,High
1008,"Card payment failed last night and still not resolved. Please check this soon.",Billing,High
1009,"Why is there a discrepancy in the summary? It says INV-202 but the amount is different. Need this fixed soon.",Billing,High
1010,"Discrepancy in summary invoice amount. The number shown does not match what was agreed.",Billing,High
1011,"Why is there a discrepancy in the latest charge? It says TXN-101 but the amount is different. Production is impacted.",Billing,Medium
1012,"Charge discrepancy in TXN-101. The amount seems off but I can still use the platform.",Billing,Medium
1013,"BLOCKER: I am having trouble with password credentials when I try to change settings. Sent from my iPhone.",Account,Critical
1014,"BLOCKER: Password credentials not working when changing settings. This is blocking all account changes.",Account,Critical
1015,"I am having trouble with password credentials when I try to sign in. Hope you are having a good day.",Account,Critical
1016,"Password credentials keep failing during sign in. Cannot access account at all.",Account,Critical
1017,"URGENT: My contact email is not accessible. Also the settings area keeps showing inconsistencies.",Account,Critical
1018,"Contact email inaccessible and settings panel broken. Completely blocking account access.",Account,Critical
1019,"How do I set up the message system? I am not seeing any updates. Need this fixed soon.",Account,Medium
1020,"Need help setting up the message system. Not urgent but would like this resolved soon.",Account,Medium
1021,"Getting a internal error in the profile panel after the weekend. Production is impacted. This is blocking all users.",Technical,Critical
1022,"Internal server error profile panel blocking all users. Production down since weekend.",Technical,Critical
1023,"Profile panel internal error. All production users blocked. Immediate fix required.",Technical,Critical
1024,"Urgent: The portal is not responding correctly. I was trying to proceed but it just glitches. Thanks for the help.",Technical,High
1025,"Portal glitching intermittently. Partially working but causing disruption. Please fix soon.",Technical,High
1026,"The portal responds slowly and glitches sometimes. Needs attention soon.",Technical,High
1027,"NOW: My card was denied last night. I also have a question about contact email. Sorry for the trouble. Sent from my iPhone.",Billing,Critical
1028,"Card denied. Cannot make payment. This is a critical billing issue. Please resolve urgently.",Billing,Critical
1029,"My card was denied and payment is blocked. Critical billing issue needs immediate resolution.",Billing,Critical
1030,"CRITICAL: Why is there a discrepancy in the invoice? It says INV-202 but the amount is different. Best regards.",Billing,Critical
1031,"Critical invoice discrepancy. The invoice amount INV-202 is completely wrong and must be corrected now.",Billing,Critical
1032,"Invoice INV-202 shows wrong amount. This is a critical billing error requiring immediate correction.",Billing,Critical
1033,"Important: Why is there a discrepancy in the statement? It says order #55 but the amount is different. It is a critical blocker.",Billing,High
1034,"Statement discrepancy for order #55. The charged amount does not match. Need this fixed soon.",Billing,High
1035,"My card was not going through last night. I also have a question about login information. Best regards.",Billing,High
1036,"Card payment not going through. Need help resolving this billing issue urgently.",Billing,High
1037,"The add-on process did not behave as expected and unusually high. Sorry for the trouble.",Billing,High
1038,"Add-on charge is unusually high and does not match what was agreed. Please fix this soon.",Billing,High
1039,"Unusually high add-on charge detected. This is a billing error that needs to be corrected soon.",Billing,High
1040,"Why is there a discrepancy in the summary? It says INV-202 but the amount is different. Need this fixed soon.",Billing,High
1041,"Summary shows wrong amount for INV-202. Need this billing discrepancy fixed soon.",Billing,High
1042,"URGENT: My contact email is not accessible. Also the settings area keeps showing inconsistencies. Completely blocking account.",Account,Critical
1043,"Contact email inaccessible and settings broken. This is blocking my entire account. Urgent fix needed.",Account,Critical
1044,"Cannot access contact email. Settings area broken. Account completely inaccessible. Critical issue.",Account,Critical
1045,"getting a internal error profile panel after weekend production impacted this is blocking all users now",Technical,Critical
1046,"internal server error profile panel weekend production down all users blocked",Technical,Critical
1047,"urgent the portal is not responding correctly trying to proceed but it just glitches sorry for the trouble",Technical,High
1048,"portal glitching when trying to proceed partially working but causing disruption please fix soon",Technical,High
1049,"CRITICAL why is there a discrepancy in the invoice it says INV-202 but the amount is different best regards thanks",Billing,Critical
1050,"critical invoice amount INV-202 is completely wrong immediate correction required urgent priority",Billing,Critical
1051,"invoice INV-202 shows wrong charge amount critical billing error needs correction right now",Billing,Critical
1052,"NOW my card was denied last night i also have question about contact email hope having good day",Billing,Critical
1053,"card denied payment blocked this is a critical billing issue please resolve urgently now",Billing,Critical
1054,"my card was denied and i cannot make any payments this is completely blocking me critical",Billing,Critical
1055,"why is there discrepancy summary it says INV-202 but amount is different need this fixed soon high priority",Billing,High
1056,"summary shows wrong amount INV-202 need this billing discrepancy fixed soon important",Billing,High
1057,"URGENT my contact email is not accessible settings area showing inconsistencies completely blocking account work",Account,Critical
1058,"contact email inaccessible and settings panel broken completely blocking account access critical",Account,Critical
1059,"cannot access contact email settings area broken account completely inaccessible critical issue",Account,Critical
1060,"BLOCKER i am having trouble with password credentials when i try to change settings sent from iPhone",Account,Critical
1061,"BLOCKER password credentials not working when changing settings blocking all account changes critical",Account,Critical
1062,"password credentials failing when changing account settings cannot update anything critical blocker",Account,Critical
1063,"my account was stuck last night i also have question about security settings critical billing issue blocking work",Billing,Critical
1064,"account stuck last night payment completely blocked needs immediate resolution critical",Billing,Critical
1065,"URGENT why is there discrepancy summary TXN-101 amount different urgent critical needs immediate attention",Billing,Critical
1066,"urgent discrepancy in summary TXN-101 critical amount error blocking billing resolution",Billing,Critical
1067,"my card was not going through last night i also have question about login information high priority billing",Billing,High
1068,"card not going through yesterday billing question needs attention soon high priority payment issue",Billing,High
1069,"the entry is not appearing in system can you check desktop logs urgent attention needed please check",Technical,Medium
1070,"entry not appearing in interface check web browser logs medium priority please investigate",Technical,Medium
1071,"the portal is not loading and it just returns an error completely down all users blocked critical priority",Technical,Critical
1072,"portal returning error completely and not loading at all users blocked production critical issue",Technical,Critical
1073,"important getting internal error in profile panel after weekend production impacted high priority",Technical,High
1074,"profile panel internal error after weekend high priority needs fixing production impacted",Technical,High
1075,"the dashboard is behaving unexpectedly when submitting medium priority not blocking but annoying",Technical,Medium
1076,"dashboard glitches when submitting intermittently medium priority not blocking work completely",Technical,Medium
1077,"query my card was denied last night question about profile data medium routine billing query",Billing,Medium
1078,"card denied yesterday routine billing query checking profile data medium priority no urgency",Billing,Medium
1079,"i was expecting email notification received notification about not going through medium billing",Billing,Medium
1080,"expected confirmation email but received payment notification medium priority billing query",Billing,Medium
1081,"why is there discrepancy in summary INV-202 amount different high priority billing needs fixing",Billing,High
1082,"summary shows wrong amount INV-202 high priority billing discrepancy needs correction soon",Billing,High
